group,warnum,,group,warnum
bellicosity0.2,343.1,,bellicosity0.2,361
bellicosity0.3,291.51,,bellicosity0.2,338
bellicosity0.4,253.45,,bellicosity0.2,249
bellicosity0.5,244.78,,bellicosity0.2,186
bellicosity0.6,243.91,,bellicosity0.2,246
bellicosity0.7,243.62,,bellicosity0.2,252
bellicosity0.8,247.78,,bellicosity0.2,331
bellicosity0.9,240.03,,bellicosity0.2,444
bellicosity1,254.34,,bellicosity0.2,324
,,,bellicosity0.2,230
,,,bellicosity0.2,236
,,,bellicosity0.2,385
,,,bellicosity0.2,371
,,,bellicosity0.2,283
,,,bellicosity0.2,473
,,,bellicosity0.2,389
,,,bellicosity0.2,262
,,,bellicosity0.2,266
,,,bellicosity0.2,193
,,,bellicosity0.2,213
,,,bellicosity0.2,321
,,,bellicosity0.2,229
,,,bellicosity0.2,400
,,,bellicosity0.2,262
,,,bellicosity0.2,195
,,,bellicosity0.2,418
,,,bellicosity0.2,313
,,,bellicosity0.2,381
,,,bellicosity0.2,270
,,,bellicosity0.2,199
,,,bellicosity0.2,403
,,,bellicosity0.2,359
,,,bellicosity0.2,238
,,,bellicosity0.2,291
,,,bellicosity0.2,359
,,,bellicosity0.2,309
,,,bellicosity0.2,432
,,,bellicosity0.2,263
,,,bellicosity0.2,411
,,,bellicosity0.2,295
,,,bellicosity0.2,457
,,,bellicosity0.2,221
,,,bellicosity0.2,438
,,,bellicosity0.2,305
,,,bellicosity0.2,288
,,,bellicosity0.2,290
,,,bellicosity0.2,415
,,,bellicosity0.2,562
,,,bellicosity0.2,293
,,,bellicosity0.2,271
,,,bellicosity0.2,364
,,,bellicosity0.2,307
,,,bellicosity0.2,158
,,,bellicosity0.2,381
,,,bellicosity0.2,302
,,,bellicosity0.2,626
,,,bellicosity0.2,519
,,,bellicosity0.2,430
,,,bellicosity0.2,254
,,,bellicosity0.2,476
,,,bellicosity0.2,420
,,,bellicosity0.2,410
,,,bellicosity0.2,396
,,,bellicosity0.2,478
,,,bellicosity0.2,570
,,,bellicosity0.2,327
,,,bellicosity0.2,398
,,,bellicosity0.2,307
,,,bellicosity0.2,408
,,,bellicosity0.2,332
,,,bellicosity0.2,362
,,,bellicosity0.2,435
,,,bellicosity0.2,198
,,,bellicosity0.2,221
,,,bellicosity0.2,301
,,,bellicosity0.2,324
,,,bellicosity0.2,191
,,,bellicosity0.2,162
,,,bellicosity0.2,339
,,,bellicosity0.2,406
,,,bellicosity0.2,406
,,,bellicosity0.2,347
,,,bellicosity0.2,296
,,,bellicosity0.2,465
,,,bellicosity0.2,163
,,,bellicosity0.2,339
,,,bellicosity0.2,226
,,,bellicosity0.2,307
,,,bellicosity0.2,140
,,,bellicosity0.2,256
,,,bellicosity0.2,328
,,,bellicosity0.2,355
,,,bellicosity0.2,424
,,,bellicosity0.2,355
,,,bellicosity0.2,413
,,,bellicosity0.2,348
,,,bellicosity0.2,155
,,,bellicosity0.2,437
,,,bellicosity0.2,276
,,,bellicosity0.2,262
,,,bellicosity0.2,310
,,,bellicosity0.2,168
,,,bellicosity0.2,289
,,,bellicosity0.2,451
,,,bellicosity0.2,322
,,,bellicosity0.2,544
,,,bellicosity0.2,256
,,,bellicosity0.2,502
,,,bellicosity0.2,348
,,,bellicosity0.2,388
,,,bellicosity0.2,438
,,,bellicosity0.2,188
,,,bellicosity0.2,267
,,,bellicosity0.2,391
,,,bellicosity0.2,248
,,,bellicosity0.2,291
,,,bellicosity0.2,340
,,,bellicosity0.2,385
,,,bellicosity0.2,233
,,,bellicosity0.2,305
,,,bellicosity0.2,520
,,,bellicosity0.2,367
,,,bellicosity0.2,310
,,,bellicosity0.2,291
,,,bellicosity0.2,198
,,,bellicosity0.2,471
,,,bellicosity0.2,363
,,,bellicosity0.2,454
,,,bellicosity0.2,151
,,,bellicosity0.2,415
,,,bellicosity0.2,349
,,,bellicosity0.2,384
,,,bellicosity0.2,391
,,,bellicosity0.2,474
,,,bellicosity0.2,430
,,,bellicosity0.2,310
,,,bellicosity0.2,201
,,,bellicosity0.2,257
,,,bellicosity0.2,547
,,,bellicosity0.2,311
,,,bellicosity0.2,153
,,,bellicosity0.2,558
,,,bellicosity0.2,251
,,,bellicosity0.2,510
,,,bellicosity0.2,344
,,,bellicosity0.2,274
,,,bellicosity0.2,278
,,,bellicosity0.2,293
,,,bellicosity0.2,371
,,,bellicosity0.2,378
,,,bellicosity0.2,358
,,,bellicosity0.2,213
,,,bellicosity0.2,575
,,,bellicosity0.2,365
,,,bellicosity0.2,423
,,,bellicosity0.2,555
,,,bellicosity0.2,137
,,,bellicosity0.2,460
,,,bellicosity0.2,170
,,,bellicosity0.2,433
,,,bellicosity0.2,214
,,,bellicosity0.2,409
,,,bellicosity0.2,364
,,,bellicosity0.2,433
,,,bellicosity0.2,188
,,,bellicosity0.2,167
,,,bellicosity0.2,323
,,,bellicosity0.2,296
,,,bellicosity0.2,326
,,,bellicosity0.2,316
,,,bellicosity0.2,327
,,,bellicosity0.2,335
,,,bellicosity0.2,283
,,,bellicosity0.2,358
,,,bellicosity0.2,362
,,,bellicosity0.2,474
,,,bellicosity0.2,346
,,,bellicosity0.2,207
,,,bellicosity0.2,313
,,,bellicosity0.2,401
,,,bellicosity0.2,325
,,,bellicosity0.2,395
,,,bellicosity0.2,430
,,,bellicosity0.2,457
,,,bellicosity0.2,387
,,,bellicosity0.2,279
,,,bellicosity0.2,494
,,,bellicosity0.2,436
,,,bellicosity0.2,342
,,,bellicosity0.2,310
,,,bellicosity0.2,285
,,,bellicosity0.2,632
,,,bellicosity0.2,459
,,,bellicosity0.2,484
,,,bellicosity0.2,389
,,,bellicosity0.2,221
,,,bellicosity0.2,265
,,,bellicosity0.2,171
,,,bellicosity0.2,362
,,,bellicosity0.2,326
,,,bellicosity0.2,453
,,,bellicosity0.2,512
,,,bellicosity0.2,239
,,,bellicosity0.2,337
,,,bellicosity0.2,376
,,,bellicosity0.2,386
,,,bellicosity0.2,312
,,,bellicosity0.2,486
,,,bellicosity0.2,466
,,,bellicosity0.2,420
,,,bellicosity0.2,398
,,,bellicosity0.2,411
,,,bellicosity0.2,190
,,,bellicosity0.2,210
,,,bellicosity0.2,341
,,,bellicosity0.2,356
,,,bellicosity0.2,377
,,,bellicosity0.2,293
,,,bellicosity0.2,392
,,,bellicosity0.2,359
,,,bellicosity0.2,264
,,,bellicosity0.2,420
,,,bellicosity0.2,308
,,,bellicosity0.2,388
,,,bellicosity0.2,274
,,,bellicosity0.2,427
,,,bellicosity0.2,377
,,,bellicosity0.2,347
,,,bellicosity0.2,235
,,,bellicosity0.2,240
,,,bellicosity0.2,473
,,,bellicosity0.2,298
,,,bellicosity0.2,190
,,,bellicosity0.2,242
,,,bellicosity0.2,272
,,,bellicosity0.2,377
,,,bellicosity0.2,477
,,,bellicosity0.2,241
,,,bellicosity0.2,287
,,,bellicosity0.2,469
,,,bellicosity0.2,543
,,,bellicosity0.2,336
,,,bellicosity0.2,194
,,,bellicosity0.2,553
,,,bellicosity0.2,245
,,,bellicosity0.2,337
,,,bellicosity0.2,174
,,,bellicosity0.2,398
,,,bellicosity0.2,401
,,,bellicosity0.2,287
,,,bellicosity0.2,349
,,,bellicosity0.2,378
,,,bellicosity0.2,249
,,,bellicosity0.2,273
,,,bellicosity0.2,387
,,,bellicosity0.2,192
,,,bellicosity0.2,285
,,,bellicosity0.2,307
,,,bellicosity0.2,265
,,,bellicosity0.2,145
,,,bellicosity0.2,455
,,,bellicosity0.2,474
,,,bellicosity0.2,277
,,,bellicosity0.2,245
,,,bellicosity0.2,196
,,,bellicosity0.2,364
,,,bellicosity0.2,418
,,,bellicosity0.2,549
,,,bellicosity0.2,360
,,,bellicosity0.2,303
,,,bellicosity0.2,499
,,,bellicosity0.2,296
,,,bellicosity0.2,456
,,,bellicosity0.2,196
,,,bellicosity0.2,463
,,,bellicosity0.2,253
,,,bellicosity0.2,314
,,,bellicosity0.2,234
,,,bellicosity0.2,424
,,,bellicosity0.2,136
,,,bellicosity0.2,527
,,,bellicosity0.2,551
,,,bellicosity0.2,415
,,,bellicosity0.2,518
,,,bellicosity0.2,503
,,,bellicosity0.2,379
,,,bellicosity0.2,168
,,,bellicosity0.2,208
,,,bellicosity0.2,203
,,,bellicosity0.2,388
,,,bellicosity0.2,426
,,,bellicosity0.2,259
,,,bellicosity0.2,401
,,,bellicosity0.2,323
,,,bellicosity0.2,501
,,,bellicosity0.2,467
,,,bellicosity0.2,437
,,,bellicosity0.2,460
,,,bellicosity0.2,428
,,,bellicosity0.2,369
,,,bellicosity0.3,334
,,,bellicosity0.3,355
,,,bellicosity0.3,267
,,,bellicosity0.3,223
,,,bellicosity0.3,368
,,,bellicosity0.3,259
,,,bellicosity0.3,259
,,,bellicosity0.3,146
,,,bellicosity0.3,306
,,,bellicosity0.3,361
,,,bellicosity0.3,268
,,,bellicosity0.3,383
,,,bellicosity0.3,287
,,,bellicosity0.3,230
,,,bellicosity0.3,464
,,,bellicosity0.3,424
,,,bellicosity0.3,292
,,,bellicosity0.3,155
,,,bellicosity0.3,324
,,,bellicosity0.3,327
,,,bellicosity0.3,324
,,,bellicosity0.3,288
,,,bellicosity0.3,238
,,,bellicosity0.3,249
,,,bellicosity0.3,272
,,,bellicosity0.3,358
,,,bellicosity0.3,471
,,,bellicosity0.3,183
,,,bellicosity0.3,292
,,,bellicosity0.3,150
,,,bellicosity0.3,161
,,,bellicosity0.3,379
,,,bellicosity0.3,259
,,,bellicosity0.3,305
,,,bellicosity0.3,245
,,,bellicosity0.3,289
,,,bellicosity0.3,203
,,,bellicosity0.3,245
,,,bellicosity0.3,224
,,,bellicosity0.3,317
,,,bellicosity0.3,289
,,,bellicosity0.3,308
,,,bellicosity0.3,317
,,,bellicosity0.3,342
,,,bellicosity0.3,225
,,,bellicosity0.3,203
,,,bellicosity0.3,351
,,,bellicosity0.3,360
,,,bellicosity0.3,276
,,,bellicosity0.3,288
,,,bellicosity0.3,477
,,,bellicosity0.3,240
,,,bellicosity0.3,230
,,,bellicosity0.3,293
,,,bellicosity0.3,351
,,,bellicosity0.3,345
,,,bellicosity0.3,316
,,,bellicosity0.3,318
,,,bellicosity0.3,248
,,,bellicosity0.3,265
,,,bellicosity0.3,196
,,,bellicosity0.3,285
,,,bellicosity0.3,314
,,,bellicosity0.3,319
,,,bellicosity0.3,331
,,,bellicosity0.3,282
,,,bellicosity0.3,234
,,,bellicosity0.3,381
,,,bellicosity0.3,280
,,,bellicosity0.3,274
,,,bellicosity0.3,275
,,,bellicosity0.3,182
,,,bellicosity0.3,420
,,,bellicosity0.3,319
,,,bellicosity0.3,163
,,,bellicosity0.3,242
,,,bellicosity0.3,253
,,,bellicosity0.3,384
,,,bellicosity0.3,325
,,,bellicosity0.3,360
,,,bellicosity0.3,280
,,,bellicosity0.3,247
,,,bellicosity0.3,336
,,,bellicosity0.3,168
,,,bellicosity0.3,237
,,,bellicosity0.3,434
,,,bellicosity0.3,314
,,,bellicosity0.3,351
,,,bellicosity0.3,267
,,,bellicosity0.3,258
,,,bellicosity0.3,283
,,,bellicosity0.3,231
,,,bellicosity0.3,382
,,,bellicosity0.3,325
,,,bellicosity0.3,262
,,,bellicosity0.3,341
,,,bellicosity0.3,313
,,,bellicosity0.3,309
,,,bellicosity0.3,204
,,,bellicosity0.3,201
,,,bellicosity0.3,199
,,,bellicosity0.3,287
,,,bellicosity0.3,261
,,,bellicosity0.3,221
,,,bellicosity0.3,299
,,,bellicosity0.3,134
,,,bellicosity0.3,214
,,,bellicosity0.3,239
,,,bellicosity0.3,351
,,,bellicosity0.3,315
,,,bellicosity0.3,282
,,,bellicosity0.3,194
,,,bellicosity0.3,331
,,,bellicosity0.3,196
,,,bellicosity0.3,326
,,,bellicosity0.3,362
,,,bellicosity0.3,271
,,,bellicosity0.3,250
,,,bellicosity0.3,181
,,,bellicosity0.3,232
,,,bellicosity0.3,281
,,,bellicosity0.3,154
,,,bellicosity0.3,176
,,,bellicosity0.3,313
,,,bellicosity0.3,318
,,,bellicosity0.3,236
,,,bellicosity0.3,430
,,,bellicosity0.3,240
,,,bellicosity0.3,311
,,,bellicosity0.3,318
,,,bellicosity0.3,263
,,,bellicosity0.3,336
,,,bellicosity0.3,491
,,,bellicosity0.3,289
,,,bellicosity0.3,300
,,,bellicosity0.3,384
,,,bellicosity0.3,371
,,,bellicosity0.3,433
,,,bellicosity0.3,255
,,,bellicosity0.3,201
,,,bellicosity0.3,309
,,,bellicosity0.3,398
,,,bellicosity0.3,350
,,,bellicosity0.3,268
,,,bellicosity0.3,210
,,,bellicosity0.3,239
,,,bellicosity0.3,322
,,,bellicosity0.3,171
,,,bellicosity0.3,305
,,,bellicosity0.3,407
,,,bellicosity0.3,357
,,,bellicosity0.3,380
,,,bellicosity0.3,266
,,,bellicosity0.3,548
,,,bellicosity0.3,264
,,,bellicosity0.3,228
,,,bellicosity0.3,323
,,,bellicosity0.3,269
,,,bellicosity0.3,279
,,,bellicosity0.3,286
,,,bellicosity0.3,374
,,,bellicosity0.3,257
,,,bellicosity0.3,217
,,,bellicosity0.3,175
,,,bellicosity0.3,419
,,,bellicosity0.3,254
,,,bellicosity0.3,448
,,,bellicosity0.3,454
,,,bellicosity0.3,450
,,,bellicosity0.3,357
,,,bellicosity0.3,490
,,,bellicosity0.3,285
,,,bellicosity0.3,244
,,,bellicosity0.3,350
,,,bellicosity0.3,329
,,,bellicosity0.3,151
,,,bellicosity0.3,211
,,,bellicosity0.3,214
,,,bellicosity0.3,223
,,,bellicosity0.3,313
,,,bellicosity0.3,222
,,,bellicosity0.3,205
,,,bellicosity0.3,447
,,,bellicosity0.3,229
,,,bellicosity0.3,298
,,,bellicosity0.3,270
,,,bellicosity0.3,422
,,,bellicosity0.3,570
,,,bellicosity0.3,279
,,,bellicosity0.3,246
,,,bellicosity0.3,275
,,,bellicosity0.3,203
,,,bellicosity0.3,385
,,,bellicosity0.3,324
,,,bellicosity0.3,137
,,,bellicosity0.3,346
,,,bellicosity0.3,238
,,,bellicosity0.3,226
,,,bellicosity0.3,281
,,,bellicosity0.3,332
,,,bellicosity0.3,313
,,,bellicosity0.3,185
,,,bellicosity0.3,327
,,,bellicosity0.3,336
,,,bellicosity0.3,233
,,,bellicosity0.3,359
,,,bellicosity0.3,284
,,,bellicosity0.3,394
,,,bellicosity0.3,353
,,,bellicosity0.3,326
,,,bellicosity0.3,306
,,,bellicosity0.3,195
,,,bellicosity0.3,295
,,,bellicosity0.3,448
,,,bellicosity0.3,242
,,,bellicosity0.3,177
,,,bellicosity0.3,308
,,,bellicosity0.3,265
,,,bellicosity0.3,595
,,,bellicosity0.3,344
,,,bellicosity0.3,222
,,,bellicosity0.3,317
,,,bellicosity0.3,156
,,,bellicosity0.3,245
,,,bellicosity0.3,282
,,,bellicosity0.3,217
,,,bellicosity0.3,310
,,,bellicosity0.3,286
,,,bellicosity0.3,328
,,,bellicosity0.3,149
,,,bellicosity0.3,254
,,,bellicosity0.3,270
,,,bellicosity0.3,255
,,,bellicosity0.3,162
,,,bellicosity0.3,159
,,,bellicosity0.3,301
,,,bellicosity0.3,294
,,,bellicosity0.3,423
,,,bellicosity0.3,361
,,,bellicosity0.3,487
,,,bellicosity0.3,256
,,,bellicosity0.3,220
,,,bellicosity0.3,409
,,,bellicosity0.3,442
,,,bellicosity0.3,352
,,,bellicosity0.3,213
,,,bellicosity0.3,283
,,,bellicosity0.3,285
,,,bellicosity0.3,161
,,,bellicosity0.3,336
,,,bellicosity0.3,184
,,,bellicosity0.3,225
,,,bellicosity0.3,224
,,,bellicosity0.3,283
,,,bellicosity0.3,333
,,,bellicosity0.3,262
,,,bellicosity0.3,184
,,,bellicosity0.3,279
,,,bellicosity0.3,413
,,,bellicosity0.3,197
,,,bellicosity0.3,202
,,,bellicosity0.3,312
,,,bellicosity0.3,244
,,,bellicosity0.3,190
,,,bellicosity0.3,299
,,,bellicosity0.3,234
,,,bellicosity0.3,198
,,,bellicosity0.3,138
,,,bellicosity0.3,301
,,,bellicosity0.3,177
,,,bellicosity0.3,379
,,,bellicosity0.3,227
,,,bellicosity0.3,275
,,,bellicosity0.3,255
,,,bellicosity0.3,351
,,,bellicosity0.3,283
,,,bellicosity0.3,246
,,,bellicosity0.3,364
,,,bellicosity0.3,245
,,,bellicosity0.3,230
,,,bellicosity0.3,254
,,,bellicosity0.3,332
,,,bellicosity0.3,205
,,,bellicosity0.3,338
,,,bellicosity0.3,330
,,,bellicosity0.3,417
,,,bellicosity0.3,327
,,,bellicosity0.3,303
,,,bellicosity0.3,215
,,,bellicosity0.3,363
,,,bellicosity0.3,242
,,,bellicosity0.3,373
,,,bellicosity0.3,374
,,,bellicosity0.3,434
,,,bellicosity0.3,301
,,,bellicosity0.3,242
,,,bellicosity0.3,359
,,,bellicosity0.3,181
,,,bellicosity0.3,339
,,,bellicosity0.3,409
,,,bellicosity0.4,327
,,,bellicosity0.4,345
,,,bellicosity0.4,321
,,,bellicosity0.4,311
,,,bellicosity0.4,207
,,,bellicosity0.4,312
,,,bellicosity0.4,217
,,,bellicosity0.4,259
,,,bellicosity0.4,206
,,,bellicosity0.4,156
,,,bellicosity0.4,260
,,,bellicosity0.4,180
,,,bellicosity0.4,309
,,,bellicosity0.4,310
,,,bellicosity0.4,245
,,,bellicosity0.4,281
,,,bellicosity0.4,283
,,,bellicosity0.4,166
,,,bellicosity0.4,301
,,,bellicosity0.4,209
,,,bellicosity0.4,147
,,,bellicosity0.4,278
,,,bellicosity0.4,229
,,,bellicosity0.4,306
,,,bellicosity0.4,193
,,,bellicosity0.4,334
,,,bellicosity0.4,212
,,,bellicosity0.4,238
,,,bellicosity0.4,265
,,,bellicosity0.4,143
,,,bellicosity0.4,283
,,,bellicosity0.4,309
,,,bellicosity0.4,256
,,,bellicosity0.4,261
,,,bellicosity0.4,224
,,,bellicosity0.4,198
,,,bellicosity0.4,221
,,,bellicosity0.4,358
,,,bellicosity0.4,305
,,,bellicosity0.4,191
,,,bellicosity0.4,313
,,,bellicosity0.4,250
,,,bellicosity0.4,181
,,,bellicosity0.4,349
,,,bellicosity0.4,201
,,,bellicosity0.4,213
,,,bellicosity0.4,260
,,,bellicosity0.4,270
,,,bellicosity0.4,201
,,,bellicosity0.4,449
,,,bellicosity0.4,332
,,,bellicosity0.4,319
,,,bellicosity0.4,213
,,,bellicosity0.4,244
,,,bellicosity0.4,264
,,,bellicosity0.4,190
,,,bellicosity0.4,306
,,,bellicosity0.4,233
,,,bellicosity0.4,214
,,,bellicosity0.4,170
,,,bellicosity0.4,313
,,,bellicosity0.4,182
,,,bellicosity0.4,232
,,,bellicosity0.4,252
,,,bellicosity0.4,165
,,,bellicosity0.4,269
,,,bellicosity0.4,237
,,,bellicosity0.4,288
,,,bellicosity0.4,209
,,,bellicosity0.4,331
,,,bellicosity0.4,357
,,,bellicosity0.4,238
,,,bellicosity0.4,209
,,,bellicosity0.4,181
,,,bellicosity0.4,323
,,,bellicosity0.4,196
,,,bellicosity0.4,191
,,,bellicosity0.4,334
,,,bellicosity0.4,241
,,,bellicosity0.4,186
,,,bellicosity0.4,377
,,,bellicosity0.4,235
,,,bellicosity0.4,163
,,,bellicosity0.4,145
,,,bellicosity0.4,208
,,,bellicosity0.4,265
,,,bellicosity0.4,199
,,,bellicosity0.4,256
,,,bellicosity0.4,217
,,,bellicosity0.4,280
,,,bellicosity0.4,368
,,,bellicosity0.4,349
,,,bellicosity0.4,167
,,,bellicosity0.4,271
,,,bellicosity0.4,127
,,,bellicosity0.4,304
,,,bellicosity0.4,346
,,,bellicosity0.4,241
,,,bellicosity0.4,297
,,,bellicosity0.4,330
,,,bellicosity0.4,249
,,,bellicosity0.4,311
,,,bellicosity0.4,334
,,,bellicosity0.4,326
,,,bellicosity0.4,225
,,,bellicosity0.4,302
,,,bellicosity0.4,466
,,,bellicosity0.4,320
,,,bellicosity0.4,167
,,,bellicosity0.4,243
,,,bellicosity0.4,262
,,,bellicosity0.4,177
,,,bellicosity0.4,346
,,,bellicosity0.4,267
,,,bellicosity0.4,307
,,,bellicosity0.4,223
,,,bellicosity0.4,306
,,,bellicosity0.4,232
,,,bellicosity0.4,235
,,,bellicosity0.4,222
,,,bellicosity0.4,283
,,,bellicosity0.4,241
,,,bellicosity0.4,307
,,,bellicosity0.4,265
,,,bellicosity0.4,215
,,,bellicosity0.4,247
,,,bellicosity0.4,203
,,,bellicosity0.4,228
,,,bellicosity0.4,257
,,,bellicosity0.4,212
,,,bellicosity0.4,343
,,,bellicosity0.4,208
,,,bellicosity0.4,254
,,,bellicosity0.4,298
,,,bellicosity0.4,328
,,,bellicosity0.4,204
,,,bellicosity0.4,175
,,,bellicosity0.4,200
,,,bellicosity0.4,272
,,,bellicosity0.4,261
,,,bellicosity0.4,363
,,,bellicosity0.4,283
,,,bellicosity0.4,196
,,,bellicosity0.4,288
,,,bellicosity0.4,252
,,,bellicosity0.4,241
,,,bellicosity0.4,168
,,,bellicosity0.4,217
,,,bellicosity0.4,231
,,,bellicosity0.4,169
,,,bellicosity0.4,384
,,,bellicosity0.4,294
,,,bellicosity0.4,225
,,,bellicosity0.4,236
,,,bellicosity0.4,208
,,,bellicosity0.4,245
,,,bellicosity0.4,299
,,,bellicosity0.4,278
,,,bellicosity0.4,217
,,,bellicosity0.4,250
,,,bellicosity0.4,269
,,,bellicosity0.4,227
,,,bellicosity0.4,318
,,,bellicosity0.4,191
,,,bellicosity0.4,306
,,,bellicosity0.4,320
,,,bellicosity0.4,221
,,,bellicosity0.4,292
,,,bellicosity0.4,212
,,,bellicosity0.4,353
,,,bellicosity0.4,291
,,,bellicosity0.4,295
,,,bellicosity0.4,270
,,,bellicosity0.4,271
,,,bellicosity0.4,177
,,,bellicosity0.4,217
,,,bellicosity0.4,173
,,,bellicosity0.4,236
,,,bellicosity0.4,134
,,,bellicosity0.4,201
,,,bellicosity0.4,263
,,,bellicosity0.4,237
,,,bellicosity0.4,190
,,,bellicosity0.4,329
,,,bellicosity0.4,291
,,,bellicosity0.4,241
,,,bellicosity0.4,222
,,,bellicosity0.4,218
,,,bellicosity0.4,296
,,,bellicosity0.4,158
,,,bellicosity0.4,227
,,,bellicosity0.4,241
,,,bellicosity0.4,267
,,,bellicosity0.4,200
,,,bellicosity0.4,196
,,,bellicosity0.4,261
,,,bellicosity0.4,216
,,,bellicosity0.4,248
,,,bellicosity0.4,157
,,,bellicosity0.4,365
,,,bellicosity0.4,318
,,,bellicosity0.4,228
,,,bellicosity0.4,381
,,,bellicosity0.4,203
,,,bellicosity0.4,185
,,,bellicosity0.4,250
,,,bellicosity0.4,249
,,,bellicosity0.4,241
,,,bellicosity0.4,225
,,,bellicosity0.4,287
,,,bellicosity0.4,251
,,,bellicosity0.4,310
,,,bellicosity0.4,191
,,,bellicosity0.4,223
,,,bellicosity0.4,217
,,,bellicosity0.4,417
,,,bellicosity0.4,219
,,,bellicosity0.4,248
,,,bellicosity0.4,205
,,,bellicosity0.4,273
,,,bellicosity0.4,269
,,,bellicosity0.4,290
,,,bellicosity0.4,251
,,,bellicosity0.4,302
,,,bellicosity0.4,206
,,,bellicosity0.4,241
,,,bellicosity0.4,210
,,,bellicosity0.4,225
,,,bellicosity0.4,190
,,,bellicosity0.4,218
,,,bellicosity0.4,174
,,,bellicosity0.4,212
,,,bellicosity0.4,281
,,,bellicosity0.4,220
,,,bellicosity0.4,291
,,,bellicosity0.4,248
,,,bellicosity0.4,244
,,,bellicosity0.4,314
,,,bellicosity0.4,271
,,,bellicosity0.4,222
,,,bellicosity0.4,215
,,,bellicosity0.4,221
,,,bellicosity0.4,286
,,,bellicosity0.4,261
,,,bellicosity0.4,256
,,,bellicosity0.4,236
,,,bellicosity0.4,217
,,,bellicosity0.4,253
,,,bellicosity0.4,162
,,,bellicosity0.4,204
,,,bellicosity0.4,171
,,,bellicosity0.4,298
,,,bellicosity0.4,316
,,,bellicosity0.4,206
,,,bellicosity0.4,174
,,,bellicosity0.4,252
,,,bellicosity0.4,240
,,,bellicosity0.4,192
,,,bellicosity0.4,240
,,,bellicosity0.4,253
,,,bellicosity0.4,284
,,,bellicosity0.4,207
,,,bellicosity0.4,233
,,,bellicosity0.4,363
,,,bellicosity0.4,232
,,,bellicosity0.4,249
,,,bellicosity0.4,220
,,,bellicosity0.4,295
,,,bellicosity0.4,205
,,,bellicosity0.4,257
,,,bellicosity0.4,239
,,,bellicosity0.4,245
,,,bellicosity0.4,217
,,,bellicosity0.4,272
,,,bellicosity0.4,296
,,,bellicosity0.4,237
,,,bellicosity0.4,305
,,,bellicosity0.4,203
,,,bellicosity0.4,179
,,,bellicosity0.4,192
,,,bellicosity0.4,218
,,,bellicosity0.4,297
,,,bellicosity0.4,239
,,,bellicosity0.4,278
,,,bellicosity0.4,303
,,,bellicosity0.4,226
,,,bellicosity0.4,424
,,,bellicosity0.4,338
,,,bellicosity0.4,162
,,,bellicosity0.4,294
,,,bellicosity0.4,292
,,,bellicosity0.4,355
,,,bellicosity0.4,222
,,,bellicosity0.4,172
,,,bellicosity0.4,296
,,,bellicosity0.4,265
,,,bellicosity0.4,392
,,,bellicosity0.4,407
,,,bellicosity0.4,288
,,,bellicosity0.4,215
,,,bellicosity0.5,157
,,,bellicosity0.5,190
,,,bellicosity0.5,208
,,,bellicosity0.5,230
,,,bellicosity0.5,194
,,,bellicosity0.5,286
,,,bellicosity0.5,316
,,,bellicosity0.5,294
,,,bellicosity0.5,294
,,,bellicosity0.5,287
,,,bellicosity0.5,308
,,,bellicosity0.5,241
,,,bellicosity0.5,291
,,,bellicosity0.5,192
,,,bellicosity0.5,252
,,,bellicosity0.5,214
,,,bellicosity0.5,175
,,,bellicosity0.5,224
,,,bellicosity0.5,315
,,,bellicosity0.5,196
,,,bellicosity0.5,269
,,,bellicosity0.5,309
,,,bellicosity0.5,269
,,,bellicosity0.5,309
,,,bellicosity0.5,229
,,,bellicosity0.5,168
,,,bellicosity0.5,281
,,,bellicosity0.5,188
,,,bellicosity0.5,298
,,,bellicosity0.5,301
,,,bellicosity0.5,256
,,,bellicosity0.5,182
,,,bellicosity0.5,255
,,,bellicosity0.5,225
,,,bellicosity0.5,365
,,,bellicosity0.5,191
,,,bellicosity0.5,174
,,,bellicosity0.5,176
,,,bellicosity0.5,233
,,,bellicosity0.5,246
,,,bellicosity0.5,286
,,,bellicosity0.5,199
,,,bellicosity0.5,199
,,,bellicosity0.5,350
,,,bellicosity0.5,178
,,,bellicosity0.5,344
,,,bellicosity0.5,248
,,,bellicosity0.5,222
,,,bellicosity0.5,173
,,,bellicosity0.5,210
,,,bellicosity0.5,192
,,,bellicosity0.5,275
,,,bellicosity0.5,254
,,,bellicosity0.5,249
,,,bellicosity0.5,200
,,,bellicosity0.5,246
,,,bellicosity0.5,172
,,,bellicosity0.5,314
,,,bellicosity0.5,161
,,,bellicosity0.5,156
,,,bellicosity0.5,158
,,,bellicosity0.5,133
,,,bellicosity0.5,212
,,,bellicosity0.5,268
,,,bellicosity0.5,169
,,,bellicosity0.5,239
,,,bellicosity0.5,236
,,,bellicosity0.5,312
,,,bellicosity0.5,161
,,,bellicosity0.5,241
,,,bellicosity0.5,290
,,,bellicosity0.5,211
,,,bellicosity0.5,252
,,,bellicosity0.5,171
,,,bellicosity0.5,216
,,,bellicosity0.5,286
,,,bellicosity0.5,265
,,,bellicosity0.5,255
,,,bellicosity0.5,231
,,,bellicosity0.5,207
,,,bellicosity0.5,223
,,,bellicosity0.5,242
,,,bellicosity0.5,239
,,,bellicosity0.5,209
,,,bellicosity0.5,206
,,,bellicosity0.5,221
,,,bellicosity0.5,341
,,,bellicosity0.5,197
,,,bellicosity0.5,261
,,,bellicosity0.5,256
,,,bellicosity0.5,245
,,,bellicosity0.5,230
,,,bellicosity0.5,233
,,,bellicosity0.5,164
,,,bellicosity0.5,198
,,,bellicosity0.5,193
,,,bellicosity0.5,262
,,,bellicosity0.5,185
,,,bellicosity0.5,176
,,,bellicosity0.5,352
,,,bellicosity0.5,273
,,,bellicosity0.5,251
,,,bellicosity0.5,271
,,,bellicosity0.5,221
,,,bellicosity0.5,186
,,,bellicosity0.5,269
,,,bellicosity0.5,253
,,,bellicosity0.5,317
,,,bellicosity0.5,244
,,,bellicosity0.5,271
,,,bellicosity0.5,228
,,,bellicosity0.5,135
,,,bellicosity0.5,229
,,,bellicosity0.5,228
,,,bellicosity0.5,178
,,,bellicosity0.5,264
,,,bellicosity0.5,376
,,,bellicosity0.5,315
,,,bellicosity0.5,313
,,,bellicosity0.5,302
,,,bellicosity0.5,199
,,,bellicosity0.5,211
,,,bellicosity0.5,385
,,,bellicosity0.5,189
,,,bellicosity0.5,190
,,,bellicosity0.5,252
,,,bellicosity0.5,294
,,,bellicosity0.5,275
,,,bellicosity0.5,234
,,,bellicosity0.5,185
,,,bellicosity0.5,280
,,,bellicosity0.5,254
,,,bellicosity0.5,258
,,,bellicosity0.5,278
,,,bellicosity0.5,242
,,,bellicosity0.5,354
,,,bellicosity0.5,354
,,,bellicosity0.5,281
,,,bellicosity0.5,168
,,,bellicosity0.5,380
,,,bellicosity0.5,144
,,,bellicosity0.5,198
,,,bellicosity0.5,246
,,,bellicosity0.5,414
,,,bellicosity0.5,363
,,,bellicosity0.5,203
,,,bellicosity0.5,218
,,,bellicosity0.5,247
,,,bellicosity0.5,328
,,,bellicosity0.5,174
,,,bellicosity0.5,180
,,,bellicosity0.5,276
,,,bellicosity0.5,252
,,,bellicosity0.5,178
,,,bellicosity0.5,328
,,,bellicosity0.5,202
,,,bellicosity0.5,216
,,,bellicosity0.5,215
,,,bellicosity0.5,202
,,,bellicosity0.5,188
,,,bellicosity0.5,308
,,,bellicosity0.5,348
,,,bellicosity0.5,259
,,,bellicosity0.5,175
,,,bellicosity0.5,197
,,,bellicosity0.5,157
,,,bellicosity0.5,238
,,,bellicosity0.5,170
,,,bellicosity0.5,217
,,,bellicosity0.5,195
,,,bellicosity0.5,237
,,,bellicosity0.5,286
,,,bellicosity0.5,255
,,,bellicosity0.5,207
,,,bellicosity0.5,241
,,,bellicosity0.5,190
,,,bellicosity0.5,236
,,,bellicosity0.5,207
,,,bellicosity0.5,152
,,,bellicosity0.5,213
,,,bellicosity0.5,340
,,,bellicosity0.5,220
,,,bellicosity0.5,247
,,,bellicosity0.5,386
,,,bellicosity0.5,319
,,,bellicosity0.5,313
,,,bellicosity0.5,195
,,,bellicosity0.5,246
,,,bellicosity0.5,260
,,,bellicosity0.5,329
,,,bellicosity0.5,214
,,,bellicosity0.5,268
,,,bellicosity0.5,221
,,,bellicosity0.5,234
,,,bellicosity0.5,245
,,,bellicosity0.5,237
,,,bellicosity0.5,202
,,,bellicosity0.5,226
,,,bellicosity0.5,242
,,,bellicosity0.5,177
,,,bellicosity0.5,236
,,,bellicosity0.5,264
,,,bellicosity0.5,174
,,,bellicosity0.5,219
,,,bellicosity0.5,358
,,,bellicosity0.5,221
,,,bellicosity0.5,246
,,,bellicosity0.5,297
,,,bellicosity0.5,263
,,,bellicosity0.5,298
,,,bellicosity0.5,276
,,,bellicosity0.5,239
,,,bellicosity0.5,251
,,,bellicosity0.5,182
,,,bellicosity0.5,292
,,,bellicosity0.5,426
,,,bellicosity0.5,197
,,,bellicosity0.5,288
,,,bellicosity0.5,308
,,,bellicosity0.5,181
,,,bellicosity0.5,269
,,,bellicosity0.5,248
,,,bellicosity0.5,275
,,,bellicosity0.5,220
,,,bellicosity0.5,237
,,,bellicosity0.5,173
,,,bellicosity0.5,235
,,,bellicosity0.5,307
,,,bellicosity0.5,273
,,,bellicosity0.5,158
,,,bellicosity0.5,308
,,,bellicosity0.5,254
,,,bellicosity0.5,265
,,,bellicosity0.5,337
,,,bellicosity0.5,338
,,,bellicosity0.5,246
,,,bellicosity0.5,233
,,,bellicosity0.5,316
,,,bellicosity0.5,173
,,,bellicosity0.5,276
,,,bellicosity0.5,259
,,,bellicosity0.5,270
,,,bellicosity0.5,191
,,,bellicosity0.5,174
,,,bellicosity0.5,416
,,,bellicosity0.5,250
,,,bellicosity0.5,273
,,,bellicosity0.5,336
,,,bellicosity0.5,209
,,,bellicosity0.5,204
,,,bellicosity0.5,202
,,,bellicosity0.5,306
,,,bellicosity0.5,270
,,,bellicosity0.5,236
,,,bellicosity0.5,210
,,,bellicosity0.5,252
,,,bellicosity0.5,296
,,,bellicosity0.5,209
,,,bellicosity0.5,268
,,,bellicosity0.5,254
,,,bellicosity0.5,247
,,,bellicosity0.5,184
,,,bellicosity0.5,330
,,,bellicosity0.5,325
,,,bellicosity0.5,224
,,,bellicosity0.5,388
,,,bellicosity0.5,224
,,,bellicosity0.5,217
,,,bellicosity0.5,247
,,,bellicosity0.5,222
,,,bellicosity0.5,226
,,,bellicosity0.5,170
,,,bellicosity0.5,262
,,,bellicosity0.5,208
,,,bellicosity0.5,306
,,,bellicosity0.5,346
,,,bellicosity0.5,227
,,,bellicosity0.5,236
,,,bellicosity0.5,211
,,,bellicosity0.5,124
,,,bellicosity0.5,215
,,,bellicosity0.5,283
,,,bellicosity0.5,199
,,,bellicosity0.5,212
,,,bellicosity0.5,187
,,,bellicosity0.5,333
,,,bellicosity0.5,163
,,,bellicosity0.5,220
,,,bellicosity0.5,305
,,,bellicosity0.5,288
,,,bellicosity0.5,223
,,,bellicosity0.5,277
,,,bellicosity0.5,224
,,,bellicosity0.5,208
,,,bellicosity0.5,183
,,,bellicosity0.5,168
,,,bellicosity0.5,317
,,,bellicosity0.5,275
,,,bellicosity0.5,208
,,,bellicosity0.5,250
,,,bellicosity0.6,274
,,,bellicosity0.6,189
,,,bellicosity0.6,266
,,,bellicosity0.6,294
,,,bellicosity0.6,200
,,,bellicosity0.6,157
,,,bellicosity0.6,233
,,,bellicosity0.6,288
,,,bellicosity0.6,217
,,,bellicosity0.6,225
,,,bellicosity0.6,191
,,,bellicosity0.6,261
,,,bellicosity0.6,352
,,,bellicosity0.6,212
,,,bellicosity0.6,286
,,,bellicosity0.6,246
,,,bellicosity0.6,200
,,,bellicosity0.6,281
,,,bellicosity0.6,212
,,,bellicosity0.6,305
,,,bellicosity0.6,244
,,,bellicosity0.6,325
,,,bellicosity0.6,230
,,,bellicosity0.6,231
,,,bellicosity0.6,292
,,,bellicosity0.6,229
,,,bellicosity0.6,187
,,,bellicosity0.6,246
,,,bellicosity0.6,262
,,,bellicosity0.6,263
,,,bellicosity0.6,204
,,,bellicosity0.6,324
,,,bellicosity0.6,161
,,,bellicosity0.6,248
,,,bellicosity0.6,276
,,,bellicosity0.6,199
,,,bellicosity0.6,305
,,,bellicosity0.6,265
,,,bellicosity0.6,284
,,,bellicosity0.6,184
,,,bellicosity0.6,220
,,,bellicosity0.6,303
,,,bellicosity0.6,271
,,,bellicosity0.6,201
,,,bellicosity0.6,215
,,,bellicosity0.6,227
,,,bellicosity0.6,337
,,,bellicosity0.6,157
,,,bellicosity0.6,194
,,,bellicosity0.6,256
,,,bellicosity0.6,250
,,,bellicosity0.6,215
,,,bellicosity0.6,443
,,,bellicosity0.6,240
,,,bellicosity0.6,230
,,,bellicosity0.6,244
,,,bellicosity0.6,225
,,,bellicosity0.6,262
,,,bellicosity0.6,256
,,,bellicosity0.6,151
,,,bellicosity0.6,170
,,,bellicosity0.6,195
,,,bellicosity0.6,292
,,,bellicosity0.6,159
,,,bellicosity0.6,124
,,,bellicosity0.6,300
,,,bellicosity0.6,230
,,,bellicosity0.6,241
,,,bellicosity0.6,246
,,,bellicosity0.6,250
,,,bellicosity0.6,341
,,,bellicosity0.6,297
,,,bellicosity0.6,269
,,,bellicosity0.6,283
,,,bellicosity0.6,230
,,,bellicosity0.6,151
,,,bellicosity0.6,284
,,,bellicosity0.6,252
,,,bellicosity0.6,264
,,,bellicosity0.6,214
,,,bellicosity0.6,196
,,,bellicosity0.6,185
,,,bellicosity0.6,183
,,,bellicosity0.6,387
,,,bellicosity0.6,162
,,,bellicosity0.6,200
,,,bellicosity0.6,247
,,,bellicosity0.6,251
,,,bellicosity0.6,324
,,,bellicosity0.6,187
,,,bellicosity0.6,162
,,,bellicosity0.6,187
,,,bellicosity0.6,207
,,,bellicosity0.6,221
,,,bellicosity0.6,246
,,,bellicosity0.6,234
,,,bellicosity0.6,267
,,,bellicosity0.6,307
,,,bellicosity0.6,218
,,,bellicosity0.6,269
,,,bellicosity0.6,249
,,,bellicosity0.6,266
,,,bellicosity0.6,280
,,,bellicosity0.6,181
,,,bellicosity0.6,230
,,,bellicosity0.6,264
,,,bellicosity0.6,269
,,,bellicosity0.6,226
,,,bellicosity0.6,205
,,,bellicosity0.6,219
,,,bellicosity0.6,237
,,,bellicosity0.6,239
,,,bellicosity0.6,195
,,,bellicosity0.6,201
,,,bellicosity0.6,246
,,,bellicosity0.6,155
,,,bellicosity0.6,246
,,,bellicosity0.6,175
,,,bellicosity0.6,191
,,,bellicosity0.6,180
,,,bellicosity0.6,208
,,,bellicosity0.6,298
,,,bellicosity0.6,194
,,,bellicosity0.6,286
,,,bellicosity0.6,204
,,,bellicosity0.6,187
,,,bellicosity0.6,228
,,,bellicosity0.6,261
,,,bellicosity0.6,335
,,,bellicosity0.6,180
,,,bellicosity0.6,239
,,,bellicosity0.6,219
,,,bellicosity0.6,191
,,,bellicosity0.6,280
,,,bellicosity0.6,132
,,,bellicosity0.6,192
,,,bellicosity0.6,214
,,,bellicosity0.6,324
,,,bellicosity0.6,357
,,,bellicosity0.6,348
,,,bellicosity0.6,265
,,,bellicosity0.6,258
,,,bellicosity0.6,207
,,,bellicosity0.6,181
,,,bellicosity0.6,189
,,,bellicosity0.6,323
,,,bellicosity0.6,228
,,,bellicosity0.6,161
,,,bellicosity0.6,137
,,,bellicosity0.6,224
,,,bellicosity0.6,221
,,,bellicosity0.6,203
,,,bellicosity0.6,276
,,,bellicosity0.6,234
,,,bellicosity0.6,252
,,,bellicosity0.6,325
,,,bellicosity0.6,312
,,,bellicosity0.6,225
,,,bellicosity0.6,233
,,,bellicosity0.6,184
,,,bellicosity0.6,241
,,,bellicosity0.6,223
,,,bellicosity0.6,419
,,,bellicosity0.6,300
,,,bellicosity0.6,347
,,,bellicosity0.6,260
,,,bellicosity0.6,311
,,,bellicosity0.6,252
,,,bellicosity0.6,170
,,,bellicosity0.6,293
,,,bellicosity0.6,386
,,,bellicosity0.6,194
,,,bellicosity0.6,245
,,,bellicosity0.6,278
,,,bellicosity0.6,295
,,,bellicosity0.6,273
,,,bellicosity0.6,233
,,,bellicosity0.6,238
,,,bellicosity0.6,277
,,,bellicosity0.6,283
,,,bellicosity0.6,298
,,,bellicosity0.6,216
,,,bellicosity0.6,279
,,,bellicosity0.6,244
,,,bellicosity0.6,189
,,,bellicosity0.6,237
,,,bellicosity0.6,187
,,,bellicosity0.6,266
,,,bellicosity0.6,251
,,,bellicosity0.6,188
,,,bellicosity0.6,370
,,,bellicosity0.6,254
,,,bellicosity0.6,221
,,,bellicosity0.6,178
,,,bellicosity0.6,361
,,,bellicosity0.6,217
,,,bellicosity0.6,271
,,,bellicosity0.6,261
,,,bellicosity0.6,221
,,,bellicosity0.6,233
,,,bellicosity0.6,205
,,,bellicosity0.6,201
,,,bellicosity0.6,284
,,,bellicosity0.6,285
,,,bellicosity0.6,251
,,,bellicosity0.6,156
,,,bellicosity0.6,228
,,,bellicosity0.6,255
,,,bellicosity0.6,231
,,,bellicosity0.6,270
,,,bellicosity0.6,289
,,,bellicosity0.6,163
,,,bellicosity0.6,237
,,,bellicosity0.6,191
,,,bellicosity0.6,176
,,,bellicosity0.6,275
,,,bellicosity0.6,348
,,,bellicosity0.6,187
,,,bellicosity0.6,369
,,,bellicosity0.6,298
,,,bellicosity0.6,239
,,,bellicosity0.6,285
,,,bellicosity0.6,282
,,,bellicosity0.6,251
,,,bellicosity0.6,326
,,,bellicosity0.6,255
,,,bellicosity0.6,165
,,,bellicosity0.6,264
,,,bellicosity0.6,185
,,,bellicosity0.6,275
,,,bellicosity0.6,175
,,,bellicosity0.6,151
,,,bellicosity0.6,333
,,,bellicosity0.6,308
,,,bellicosity0.6,274
,,,bellicosity0.6,176
,,,bellicosity0.6,153
,,,bellicosity0.6,182
,,,bellicosity0.6,264
,,,bellicosity0.6,223
,,,bellicosity0.6,260
,,,bellicosity0.6,375
,,,bellicosity0.6,242
,,,bellicosity0.6,260
,,,bellicosity0.6,167
,,,bellicosity0.6,255
,,,bellicosity0.6,252
,,,bellicosity0.6,177
,,,bellicosity0.6,216
,,,bellicosity0.6,419
,,,bellicosity0.6,244
,,,bellicosity0.6,300
,,,bellicosity0.6,269
,,,bellicosity0.6,221
,,,bellicosity0.6,170
,,,bellicosity0.6,213
,,,bellicosity0.6,239
,,,bellicosity0.6,304
,,,bellicosity0.6,216
,,,bellicosity0.6,292
,,,bellicosity0.6,252
,,,bellicosity0.6,302
,,,bellicosity0.6,235
,,,bellicosity0.6,174
,,,bellicosity0.6,221
,,,bellicosity0.6,285
,,,bellicosity0.6,168
,,,bellicosity0.6,262
,,,bellicosity0.6,199
,,,bellicosity0.6,207
,,,bellicosity0.6,284
,,,bellicosity0.6,222
,,,bellicosity0.6,279
,,,bellicosity0.6,346
,,,bellicosity0.6,225
,,,bellicosity0.6,238
,,,bellicosity0.6,294
,,,bellicosity0.6,308
,,,bellicosity0.6,196
,,,bellicosity0.6,258
,,,bellicosity0.6,303
,,,bellicosity0.6,197
,,,bellicosity0.6,181
,,,bellicosity0.6,244
,,,bellicosity0.6,300
,,,bellicosity0.6,230
,,,bellicosity0.6,278
,,,bellicosity0.6,262
,,,bellicosity0.6,263
,,,bellicosity0.6,192
,,,bellicosity0.6,218
,,,bellicosity0.6,260
,,,bellicosity0.6,294
,,,bellicosity0.6,191
,,,bellicosity0.6,211
,,,bellicosity0.6,201
,,,bellicosity0.6,255
,,,bellicosity0.6,317
,,,bellicosity0.6,238
,,,bellicosity0.6,222
,,,bellicosity0.7,160
,,,bellicosity0.7,297
,,,bellicosity0.7,217
,,,bellicosity0.7,281
,,,bellicosity0.7,248
,,,bellicosity0.7,207
,,,bellicosity0.7,228
,,,bellicosity0.7,222
,,,bellicosity0.7,422
,,,bellicosity0.7,205
,,,bellicosity0.7,236
,,,bellicosity0.7,231
,,,bellicosity0.7,242
,,,bellicosity0.7,187
,,,bellicosity0.7,207
,,,bellicosity0.7,278
,,,bellicosity0.7,234
,,,bellicosity0.7,219
,,,bellicosity0.7,265
,,,bellicosity0.7,235
,,,bellicosity0.7,204
,,,bellicosity0.7,171
,,,bellicosity0.7,258
,,,bellicosity0.7,210
,,,bellicosity0.7,178
,,,bellicosity0.7,345
,,,bellicosity0.7,295
,,,bellicosity0.7,150
,,,bellicosity0.7,238
,,,bellicosity0.7,217
,,,bellicosity0.7,228
,,,bellicosity0.7,443
,,,bellicosity0.7,165
,,,bellicosity0.7,267
,,,bellicosity0.7,270
,,,bellicosity0.7,187
,,,bellicosity0.7,258
,,,bellicosity0.7,336
,,,bellicosity0.7,192
,,,bellicosity0.7,270
,,,bellicosity0.7,198
,,,bellicosity0.7,290
,,,bellicosity0.7,279
,,,bellicosity0.7,157
,,,bellicosity0.7,197
,,,bellicosity0.7,208
,,,bellicosity0.7,225
,,,bellicosity0.7,184
,,,bellicosity0.7,199
,,,bellicosity0.7,176
,,,bellicosity0.7,267
,,,bellicosity0.7,264
,,,bellicosity0.7,221
,,,bellicosity0.7,142
,,,bellicosity0.7,270
,,,bellicosity0.7,231
,,,bellicosity0.7,201
,,,bellicosity0.7,369
,,,bellicosity0.7,348
,,,bellicosity0.7,191
,,,bellicosity0.7,208
,,,bellicosity0.7,206
,,,bellicosity0.7,220
,,,bellicosity0.7,200
,,,bellicosity0.7,291
,,,bellicosity0.7,164
,,,bellicosity0.7,258
,,,bellicosity0.7,278
,,,bellicosity0.7,248
,,,bellicosity0.7,207
,,,bellicosity0.7,143
,,,bellicosity0.7,224
,,,bellicosity0.7,133
,,,bellicosity0.7,307
,,,bellicosity0.7,341
,,,bellicosity0.7,253
,,,bellicosity0.7,203
,,,bellicosity0.7,275
,,,bellicosity0.7,156
,,,bellicosity0.7,189
,,,bellicosity0.7,335
,,,bellicosity0.7,228
,,,bellicosity0.7,174
,,,bellicosity0.7,201
,,,bellicosity0.7,296
,,,bellicosity0.7,268
,,,bellicosity0.7,204
,,,bellicosity0.7,222
,,,bellicosity0.7,268
,,,bellicosity0.7,191
,,,bellicosity0.7,293
,,,bellicosity0.7,191
,,,bellicosity0.7,249
,,,bellicosity0.7,324
,,,bellicosity0.7,285
,,,bellicosity0.7,259
,,,bellicosity0.7,225
,,,bellicosity0.7,315
,,,bellicosity0.7,180
,,,bellicosity0.7,176
,,,bellicosity0.7,178
,,,bellicosity0.7,231
,,,bellicosity0.7,240
,,,bellicosity0.7,303
,,,bellicosity0.7,323
,,,bellicosity0.7,239
,,,bellicosity0.7,232
,,,bellicosity0.7,200
,,,bellicosity0.7,192
,,,bellicosity0.7,187
,,,bellicosity0.7,297
,,,bellicosity0.7,270
,,,bellicosity0.7,266
,,,bellicosity0.7,240
,,,bellicosity0.7,280
,,,bellicosity0.7,267
,,,bellicosity0.7,243
,,,bellicosity0.7,223
,,,bellicosity0.7,236
,,,bellicosity0.7,171
,,,bellicosity0.7,338
,,,bellicosity0.7,326
,,,bellicosity0.7,273
,,,bellicosity0.7,245
,,,bellicosity0.7,308
,,,bellicosity0.7,293
,,,bellicosity0.7,184
,,,bellicosity0.7,275
,,,bellicosity0.7,290
,,,bellicosity0.7,164
,,,bellicosity0.7,180
,,,bellicosity0.7,296
,,,bellicosity0.7,222
,,,bellicosity0.7,260
,,,bellicosity0.7,181
,,,bellicosity0.7,209
,,,bellicosity0.7,277
,,,bellicosity0.7,209
,,,bellicosity0.7,247
,,,bellicosity0.7,345
,,,bellicosity0.7,226
,,,bellicosity0.7,282
,,,bellicosity0.7,225
,,,bellicosity0.7,257
,,,bellicosity0.7,261
,,,bellicosity0.7,270
,,,bellicosity0.7,256
,,,bellicosity0.7,173
,,,bellicosity0.7,173
,,,bellicosity0.7,267
,,,bellicosity0.7,215
,,,bellicosity0.7,174
,,,bellicosity0.7,281
,,,bellicosity0.7,234
,,,bellicosity0.7,273
,,,bellicosity0.7,231
,,,bellicosity0.7,363
,,,bellicosity0.7,244
,,,bellicosity0.7,181
,,,bellicosity0.7,276
,,,bellicosity0.7,256
,,,bellicosity0.7,194
,,,bellicosity0.7,259
,,,bellicosity0.7,225
,,,bellicosity0.7,322
,,,bellicosity0.7,205
,,,bellicosity0.7,213
,,,bellicosity0.7,185
,,,bellicosity0.7,306
,,,bellicosity0.7,274
,,,bellicosity0.7,225
,,,bellicosity0.7,227
,,,bellicosity0.7,200
,,,bellicosity0.7,235
,,,bellicosity0.7,156
,,,bellicosity0.7,290
,,,bellicosity0.7,220
,,,bellicosity0.7,164
,,,bellicosity0.7,287
,,,bellicosity0.7,198
,,,bellicosity0.7,455
,,,bellicosity0.7,254
,,,bellicosity0.7,194
,,,bellicosity0.7,263
,,,bellicosity0.7,240
,,,bellicosity0.7,154
,,,bellicosity0.7,199
,,,bellicosity0.7,237
,,,bellicosity0.7,181
,,,bellicosity0.7,300
,,,bellicosity0.7,309
,,,bellicosity0.7,343
,,,bellicosity0.7,300
,,,bellicosity0.7,297
,,,bellicosity0.7,279
,,,bellicosity0.7,275
,,,bellicosity0.7,232
,,,bellicosity0.7,190
,,,bellicosity0.7,210
,,,bellicosity0.7,251
,,,bellicosity0.7,215
,,,bellicosity0.7,220
,,,bellicosity0.7,335
,,,bellicosity0.7,229
,,,bellicosity0.7,199
,,,bellicosity0.7,267
,,,bellicosity0.7,297
,,,bellicosity0.7,158
,,,bellicosity0.7,248
,,,bellicosity0.7,237
,,,bellicosity0.7,290
,,,bellicosity0.7,203
,,,bellicosity0.7,349
,,,bellicosity0.7,206
,,,bellicosity0.7,312
,,,bellicosity0.7,266
,,,bellicosity0.7,147
,,,bellicosity0.7,171
,,,bellicosity0.7,210
,,,bellicosity0.7,191
,,,bellicosity0.7,227
,,,bellicosity0.7,200
,,,bellicosity0.7,272
,,,bellicosity0.7,287
,,,bellicosity0.7,186
,,,bellicosity0.7,186
,,,bellicosity0.7,283
,,,bellicosity0.7,301
,,,bellicosity0.7,245
,,,bellicosity0.7,220
,,,bellicosity0.7,162
,,,bellicosity0.7,343
,,,bellicosity0.7,260
,,,bellicosity0.7,300
,,,bellicosity0.7,264
,,,bellicosity0.7,298
,,,bellicosity0.7,313
,,,bellicosity0.7,171
,,,bellicosity0.7,304
,,,bellicosity0.7,238
,,,bellicosity0.7,344
,,,bellicosity0.7,238
,,,bellicosity0.7,191
,,,bellicosity0.7,391
,,,bellicosity0.7,193
,,,bellicosity0.7,305
,,,bellicosity0.7,197
,,,bellicosity0.7,233
,,,bellicosity0.7,278
,,,bellicosity0.7,216
,,,bellicosity0.7,230
,,,bellicosity0.7,240
,,,bellicosity0.7,300
,,,bellicosity0.7,253
,,,bellicosity0.7,233
,,,bellicosity0.7,264
,,,bellicosity0.7,258
,,,bellicosity0.7,248
,,,bellicosity0.7,305
,,,bellicosity0.7,314
,,,bellicosity0.7,321
,,,bellicosity0.7,256
,,,bellicosity0.7,228
,,,bellicosity0.7,194
,,,bellicosity0.7,163
,,,bellicosity0.7,223
,,,bellicosity0.7,290
,,,bellicosity0.7,341
,,,bellicosity0.7,249
,,,bellicosity0.7,272
,,,bellicosity0.7,243
,,,bellicosity0.7,253
,,,bellicosity0.7,213
,,,bellicosity0.7,216
,,,bellicosity0.7,177
,,,bellicosity0.7,416
,,,bellicosity0.7,208
,,,bellicosity0.7,241
,,,bellicosity0.7,155
,,,bellicosity0.7,231
,,,bellicosity0.7,272
,,,bellicosity0.7,218
,,,bellicosity0.7,280
,,,bellicosity0.7,192
,,,bellicosity0.7,203
,,,bellicosity0.7,332
,,,bellicosity0.7,176
,,,bellicosity0.7,226
,,,bellicosity0.7,349
,,,bellicosity0.7,220
,,,bellicosity0.7,296
,,,bellicosity0.7,200
,,,bellicosity0.7,207
,,,bellicosity0.7,251
,,,bellicosity0.7,255
,,,bellicosity0.7,187
,,,bellicosity0.7,182
,,,bellicosity0.7,259
,,,bellicosity0.7,301
,,,bellicosity0.7,236
,,,bellicosity0.8,130
,,,bellicosity0.8,341
,,,bellicosity0.8,227
,,,bellicosity0.8,247
,,,bellicosity0.8,185
,,,bellicosity0.8,259
,,,bellicosity0.8,285
,,,bellicosity0.8,225
,,,bellicosity0.8,158
,,,bellicosity0.8,166
,,,bellicosity0.8,145
,,,bellicosity0.8,234
,,,bellicosity0.8,173
,,,bellicosity0.8,250
,,,bellicosity0.8,261
,,,bellicosity0.8,243
,,,bellicosity0.8,302
,,,bellicosity0.8,324
,,,bellicosity0.8,275
,,,bellicosity0.8,245
,,,bellicosity0.8,299
,,,bellicosity0.8,237
,,,bellicosity0.8,247
,,,bellicosity0.8,435
,,,bellicosity0.8,291
,,,bellicosity0.8,190
,,,bellicosity0.8,173
,,,bellicosity0.8,229
,,,bellicosity0.8,234
,,,bellicosity0.8,168
,,,bellicosity0.8,126
,,,bellicosity0.8,295
,,,bellicosity0.8,295
,,,bellicosity0.8,212
,,,bellicosity0.8,297
,,,bellicosity0.8,266
,,,bellicosity0.8,209
,,,bellicosity0.8,321
,,,bellicosity0.8,245
,,,bellicosity0.8,184
,,,bellicosity0.8,223
,,,bellicosity0.8,163
,,,bellicosity0.8,285
,,,bellicosity0.8,252
,,,bellicosity0.8,278
,,,bellicosity0.8,279
,,,bellicosity0.8,215
,,,bellicosity0.8,229
,,,bellicosity0.8,344
,,,bellicosity0.8,203
,,,bellicosity0.8,358
,,,bellicosity0.8,272
,,,bellicosity0.8,184
,,,bellicosity0.8,150
,,,bellicosity0.8,179
,,,bellicosity0.8,315
,,,bellicosity0.8,225
,,,bellicosity0.8,430
,,,bellicosity0.8,284
,,,bellicosity0.8,158
,,,bellicosity0.8,228
,,,bellicosity0.8,284
,,,bellicosity0.8,278
,,,bellicosity0.8,232
,,,bellicosity0.8,244
,,,bellicosity0.8,233
,,,bellicosity0.8,168
,,,bellicosity0.8,197
,,,bellicosity0.8,262
,,,bellicosity0.8,227
,,,bellicosity0.8,188
,,,bellicosity0.8,238
,,,bellicosity0.8,386
,,,bellicosity0.8,200
,,,bellicosity0.8,302
,,,bellicosity0.8,283
,,,bellicosity0.8,318
,,,bellicosity0.8,246
,,,bellicosity0.8,183
,,,bellicosity0.8,189
,,,bellicosity0.8,288
,,,bellicosity0.8,265
,,,bellicosity0.8,263
,,,bellicosity0.8,278
,,,bellicosity0.8,222
,,,bellicosity0.8,158
,,,bellicosity0.8,292
,,,bellicosity0.8,291
,,,bellicosity0.8,193
,,,bellicosity0.8,217
,,,bellicosity0.8,246
,,,bellicosity0.8,339
,,,bellicosity0.8,382
,,,bellicosity0.8,263
,,,bellicosity0.8,254
,,,bellicosity0.8,285
,,,bellicosity0.8,353
,,,bellicosity0.8,236
,,,bellicosity0.8,342
,,,bellicosity0.8,235
,,,bellicosity0.8,201
,,,bellicosity0.8,336
,,,bellicosity0.8,148
,,,bellicosity0.8,309
,,,bellicosity0.8,326
,,,bellicosity0.8,192
,,,bellicosity0.8,283
,,,bellicosity0.8,223
,,,bellicosity0.8,178
,,,bellicosity0.8,164
,,,bellicosity0.8,189
,,,bellicosity0.8,173
,,,bellicosity0.8,261
,,,bellicosity0.8,212
,,,bellicosity0.8,254
,,,bellicosity0.8,217
,,,bellicosity0.8,325
,,,bellicosity0.8,418
,,,bellicosity0.8,268
,,,bellicosity0.8,191
,,,bellicosity0.8,258
,,,bellicosity0.8,231
,,,bellicosity0.8,225
,,,bellicosity0.8,322
,,,bellicosity0.8,204
,,,bellicosity0.8,353
,,,bellicosity0.8,467
,,,bellicosity0.8,200
,,,bellicosity0.8,315
,,,bellicosity0.8,273
,,,bellicosity0.8,193
,,,bellicosity0.8,225
,,,bellicosity0.8,283
,,,bellicosity0.8,241
,,,bellicosity0.8,237
,,,bellicosity0.8,210
,,,bellicosity0.8,216
,,,bellicosity0.8,384
,,,bellicosity0.8,225
,,,bellicosity0.8,196
,,,bellicosity0.8,268
,,,bellicosity0.8,200
,,,bellicosity0.8,293
,,,bellicosity0.8,164
,,,bellicosity0.8,154
,,,bellicosity0.8,208
,,,bellicosity0.8,320
,,,bellicosity0.8,292
,,,bellicosity0.8,275
,,,bellicosity0.8,328
,,,bellicosity0.8,205
,,,bellicosity0.8,392
,,,bellicosity0.8,294
,,,bellicosity0.8,227
,,,bellicosity0.8,145
,,,bellicosity0.8,288
,,,bellicosity0.8,308
,,,bellicosity0.8,219
,,,bellicosity0.8,180
,,,bellicosity0.8,242
,,,bellicosity0.8,226
,,,bellicosity0.8,257
,,,bellicosity0.8,222
,,,bellicosity0.8,307
,,,bellicosity0.8,214
,,,bellicosity0.8,162
,,,bellicosity0.8,234
,,,bellicosity0.8,132
,,,bellicosity0.8,288
,,,bellicosity0.8,167
,,,bellicosity0.8,239
,,,bellicosity0.8,227
,,,bellicosity0.8,183
,,,bellicosity0.8,182
,,,bellicosity0.8,179
,,,bellicosity0.8,312
,,,bellicosity0.8,265
,,,bellicosity0.8,263
,,,bellicosity0.8,212
,,,bellicosity0.8,281
,,,bellicosity0.8,269
,,,bellicosity0.8,225
,,,bellicosity0.8,284
,,,bellicosity0.8,159
,,,bellicosity0.8,293
,,,bellicosity0.8,320
,,,bellicosity0.8,274
,,,bellicosity0.8,241
,,,bellicosity0.8,277
,,,bellicosity0.8,243
,,,bellicosity0.8,184
,,,bellicosity0.8,193
,,,bellicosity0.8,204
,,,bellicosity0.8,156
,,,bellicosity0.8,222
,,,bellicosity0.8,270
,,,bellicosity0.8,215
,,,bellicosity0.8,301
,,,bellicosity0.8,310
,,,bellicosity0.8,246
,,,bellicosity0.8,211
,,,bellicosity0.8,207
,,,bellicosity0.8,464
,,,bellicosity0.8,322
,,,bellicosity0.8,193
,,,bellicosity0.8,217
,,,bellicosity0.8,362
,,,bellicosity0.8,238
,,,bellicosity0.8,172
,,,bellicosity0.8,316
,,,bellicosity0.8,191
,,,bellicosity0.8,176
,,,bellicosity0.8,184
,,,bellicosity0.8,181
,,,bellicosity0.8,278
,,,bellicosity0.8,150
,,,bellicosity0.8,174
,,,bellicosity0.8,310
,,,bellicosity0.8,208
,,,bellicosity0.8,248
,,,bellicosity0.8,184
,,,bellicosity0.8,388
,,,bellicosity0.8,353
,,,bellicosity0.8,211
,,,bellicosity0.8,229
,,,bellicosity0.8,269
,,,bellicosity0.8,243
,,,bellicosity0.8,260
,,,bellicosity0.8,232
,,,bellicosity0.8,268
,,,bellicosity0.8,224
,,,bellicosity0.8,249
,,,bellicosity0.8,257
,,,bellicosity0.8,304
,,,bellicosity0.8,293
,,,bellicosity0.8,231
,,,bellicosity0.8,292
,,,bellicosity0.8,272
,,,bellicosity0.8,280
,,,bellicosity0.8,380
,,,bellicosity0.8,227
,,,bellicosity0.8,213
,,,bellicosity0.8,201
,,,bellicosity0.8,186
,,,bellicosity0.8,213
,,,bellicosity0.8,367
,,,bellicosity0.8,161
,,,bellicosity0.8,260
,,,bellicosity0.8,227
,,,bellicosity0.8,286
,,,bellicosity0.8,259
,,,bellicosity0.8,342
,,,bellicosity0.8,174
,,,bellicosity0.8,361
,,,bellicosity0.8,209
,,,bellicosity0.8,270
,,,bellicosity0.8,221
,,,bellicosity0.8,301
,,,bellicosity0.8,307
,,,bellicosity0.8,211
,,,bellicosity0.8,335
,,,bellicosity0.8,306
,,,bellicosity0.8,151
,,,bellicosity0.8,237
,,,bellicosity0.8,269
,,,bellicosity0.8,235
,,,bellicosity0.8,159
,,,bellicosity0.8,247
,,,bellicosity0.8,263
,,,bellicosity0.8,304
,,,bellicosity0.8,274
,,,bellicosity0.8,253
,,,bellicosity0.8,384
,,,bellicosity0.8,172
,,,bellicosity0.8,349
,,,bellicosity0.8,175
,,,bellicosity0.8,256
,,,bellicosity0.8,221
,,,bellicosity0.8,165
,,,bellicosity0.8,184
,,,bellicosity0.8,201
,,,bellicosity0.8,253
,,,bellicosity0.8,180
,,,bellicosity0.8,235
,,,bellicosity0.8,317
,,,bellicosity0.8,258
,,,bellicosity0.8,232
,,,bellicosity0.8,169
,,,bellicosity0.8,201
,,,bellicosity0.8,242
,,,bellicosity0.8,295
,,,bellicosity0.8,255
,,,bellicosity0.8,236
,,,bellicosity0.8,229
,,,bellicosity0.8,289
,,,bellicosity0.8,167
,,,bellicosity0.8,207
,,,bellicosity0.8,188
,,,bellicosity0.8,211
,,,bellicosity0.8,305
,,,bellicosity0.9,166
,,,bellicosity0.9,203
,,,bellicosity0.9,215
,,,bellicosity0.9,244
,,,bellicosity0.9,172
,,,bellicosity0.9,161
,,,bellicosity0.9,202
,,,bellicosity0.9,219
,,,bellicosity0.9,170
,,,bellicosity0.9,227
,,,bellicosity0.9,216
,,,bellicosity0.9,272
,,,bellicosity0.9,275
,,,bellicosity0.9,256
,,,bellicosity0.9,297
,,,bellicosity0.9,237
,,,bellicosity0.9,192
,,,bellicosity0.9,231
,,,bellicosity0.9,300
,,,bellicosity0.9,331
,,,bellicosity0.9,356
,,,bellicosity0.9,255
,,,bellicosity0.9,247
,,,bellicosity0.9,212
,,,bellicosity0.9,264
,,,bellicosity0.9,284
,,,bellicosity0.9,327
,,,bellicosity0.9,259
,,,bellicosity0.9,268
,,,bellicosity0.9,256
,,,bellicosity0.9,188
,,,bellicosity0.9,279
,,,bellicosity0.9,297
,,,bellicosity0.9,144
,,,bellicosity0.9,302
,,,bellicosity0.9,248
,,,bellicosity0.9,202
,,,bellicosity0.9,224
,,,bellicosity0.9,317
,,,bellicosity0.9,303
,,,bellicosity0.9,206
,,,bellicosity0.9,224
,,,bellicosity0.9,256
,,,bellicosity0.9,236
,,,bellicosity0.9,196
,,,bellicosity0.9,212
,,,bellicosity0.9,220
,,,bellicosity0.9,247
,,,bellicosity0.9,294
,,,bellicosity0.9,296
,,,bellicosity0.9,236
,,,bellicosity0.9,189
,,,bellicosity0.9,206
,,,bellicosity0.9,170
,,,bellicosity0.9,160
,,,bellicosity0.9,334
,,,bellicosity0.9,260
,,,bellicosity0.9,289
,,,bellicosity0.9,263
,,,bellicosity0.9,223
,,,bellicosity0.9,277
,,,bellicosity0.9,187
,,,bellicosity0.9,172
,,,bellicosity0.9,267
,,,bellicosity0.9,297
,,,bellicosity0.9,226
,,,bellicosity0.9,215
,,,bellicosity0.9,274
,,,bellicosity0.9,170
,,,bellicosity0.9,247
,,,bellicosity0.9,187
,,,bellicosity0.9,271
,,,bellicosity0.9,287
,,,bellicosity0.9,192
,,,bellicosity0.9,285
,,,bellicosity0.9,207
,,,bellicosity0.9,264
,,,bellicosity0.9,260
,,,bellicosity0.9,271
,,,bellicosity0.9,324
,,,bellicosity0.9,319
,,,bellicosity0.9,295
,,,bellicosity0.9,198
,,,bellicosity0.9,193
,,,bellicosity0.9,259
,,,bellicosity0.9,245
,,,bellicosity0.9,242
,,,bellicosity0.9,182
,,,bellicosity0.9,141
,,,bellicosity0.9,171
,,,bellicosity0.9,207
,,,bellicosity0.9,274
,,,bellicosity0.9,288
,,,bellicosity0.9,223
,,,bellicosity0.9,287
,,,bellicosity0.9,219
,,,bellicosity0.9,141
,,,bellicosity0.9,301
,,,bellicosity0.9,292
,,,bellicosity0.9,227
,,,bellicosity0.9,202
,,,bellicosity0.9,268
,,,bellicosity0.9,166
,,,bellicosity0.9,220
,,,bellicosity0.9,207
,,,bellicosity0.9,215
,,,bellicosity0.9,259
,,,bellicosity0.9,212
,,,bellicosity0.9,216
,,,bellicosity0.9,212
,,,bellicosity0.9,204
,,,bellicosity0.9,207
,,,bellicosity0.9,294
,,,bellicosity0.9,185
,,,bellicosity0.9,179
,,,bellicosity0.9,230
,,,bellicosity0.9,222
,,,bellicosity0.9,221
,,,bellicosity0.9,217
,,,bellicosity0.9,190
,,,bellicosity0.9,284
,,,bellicosity0.9,182
,,,bellicosity0.9,299
,,,bellicosity0.9,221
,,,bellicosity0.9,196
,,,bellicosity0.9,261
,,,bellicosity0.9,378
,,,bellicosity0.9,225
,,,bellicosity0.9,300
,,,bellicosity0.9,232
,,,bellicosity0.9,147
,,,bellicosity0.9,189
,,,bellicosity0.9,404
,,,bellicosity0.9,276
,,,bellicosity0.9,260
,,,bellicosity0.9,303
,,,bellicosity0.9,356
,,,bellicosity0.9,214
,,,bellicosity0.9,249
,,,bellicosity0.9,285
,,,bellicosity0.9,203
,,,bellicosity0.9,208
,,,bellicosity0.9,170
,,,bellicosity0.9,235
,,,bellicosity0.9,182
,,,bellicosity0.9,227
,,,bellicosity0.9,258
,,,bellicosity0.9,195
,,,bellicosity0.9,290
,,,bellicosity0.9,303
,,,bellicosity0.9,278
,,,bellicosity0.9,301
,,,bellicosity0.9,228
,,,bellicosity0.9,247
,,,bellicosity0.9,158
,,,bellicosity0.9,323
,,,bellicosity0.9,271
,,,bellicosity0.9,229
,,,bellicosity0.9,232
,,,bellicosity0.9,244
,,,bellicosity0.9,310
,,,bellicosity0.9,283
,,,bellicosity0.9,213
,,,bellicosity0.9,195
,,,bellicosity0.9,375
,,,bellicosity0.9,201
,,,bellicosity0.9,212
,,,bellicosity0.9,157
,,,bellicosity0.9,177
,,,bellicosity0.9,259
,,,bellicosity0.9,183
,,,bellicosity0.9,337
,,,bellicosity0.9,223
,,,bellicosity0.9,314
,,,bellicosity0.9,226
,,,bellicosity0.9,314
,,,bellicosity0.9,330
,,,bellicosity0.9,286
,,,bellicosity0.9,145
,,,bellicosity0.9,286
,,,bellicosity0.9,196
,,,bellicosity0.9,244
,,,bellicosity0.9,176
,,,bellicosity0.9,245
,,,bellicosity0.9,191
,,,bellicosity0.9,322
,,,bellicosity0.9,207
,,,bellicosity0.9,325
,,,bellicosity0.9,181
,,,bellicosity0.9,195
,,,bellicosity0.9,178
,,,bellicosity0.9,180
,,,bellicosity0.9,173
,,,bellicosity0.9,165
,,,bellicosity0.9,298
,,,bellicosity0.9,334
,,,bellicosity0.9,289
,,,bellicosity0.9,200
,,,bellicosity0.9,175
,,,bellicosity0.9,245
,,,bellicosity0.9,227
,,,bellicosity0.9,215
,,,bellicosity0.9,179
,,,bellicosity0.9,213
,,,bellicosity0.9,228
,,,bellicosity0.9,223
,,,bellicosity0.9,268
,,,bellicosity0.9,148
,,,bellicosity0.9,345
,,,bellicosity0.9,204
,,,bellicosity0.9,285
,,,bellicosity0.9,172
,,,bellicosity0.9,231
,,,bellicosity0.9,207
,,,bellicosity0.9,273
,,,bellicosity0.9,226
,,,bellicosity0.9,205
,,,bellicosity0.9,284
,,,bellicosity0.9,311
,,,bellicosity0.9,276
,,,bellicosity0.9,313
,,,bellicosity0.9,112
,,,bellicosity0.9,210
,,,bellicosity0.9,195
,,,bellicosity0.9,264
,,,bellicosity0.9,211
,,,bellicosity0.9,161
,,,bellicosity0.9,337
,,,bellicosity0.9,204
,,,bellicosity0.9,400
,,,bellicosity0.9,209
,,,bellicosity0.9,295
,,,bellicosity0.9,293
,,,bellicosity0.9,227
,,,bellicosity0.9,270
,,,bellicosity0.9,273
,,,bellicosity0.9,315
,,,bellicosity0.9,289
,,,bellicosity0.9,286
,,,bellicosity0.9,251
,,,bellicosity0.9,245
,,,bellicosity0.9,206
,,,bellicosity0.9,210
,,,bellicosity0.9,217
,,,bellicosity0.9,229
,,,bellicosity0.9,167
,,,bellicosity0.9,192
,,,bellicosity0.9,297
,,,bellicosity0.9,205
,,,bellicosity0.9,319
,,,bellicosity0.9,240
,,,bellicosity0.9,230
,,,bellicosity0.9,308
,,,bellicosity0.9,244
,,,bellicosity0.9,227
,,,bellicosity0.9,188
,,,bellicosity0.9,296
,,,bellicosity0.9,303
,,,bellicosity0.9,244
,,,bellicosity0.9,247
,,,bellicosity0.9,251
,,,bellicosity0.9,177
,,,bellicosity0.9,178
,,,bellicosity0.9,232
,,,bellicosity0.9,196
,,,bellicosity0.9,299
,,,bellicosity0.9,203
,,,bellicosity0.9,268
,,,bellicosity0.9,201
,,,bellicosity0.9,164
,,,bellicosity0.9,230
,,,bellicosity0.9,236
,,,bellicosity0.9,198
,,,bellicosity0.9,158
,,,bellicosity0.9,181
,,,bellicosity0.9,249
,,,bellicosity0.9,233
,,,bellicosity0.9,256
,,,bellicosity0.9,263
,,,bellicosity0.9,304
,,,bellicosity0.9,179
,,,bellicosity0.9,205
,,,bellicosity0.9,217
,,,bellicosity0.9,274
,,,bellicosity0.9,203
,,,bellicosity0.9,238
,,,bellicosity0.9,219
,,,bellicosity0.9,223
,,,bellicosity0.9,281
,,,bellicosity0.9,228
,,,bellicosity0.9,231
,,,bellicosity0.9,250
,,,bellicosity0.9,256
,,,bellicosity0.9,289
,,,bellicosity0.9,235
,,,bellicosity0.9,287
,,,bellicosity0.9,260
,,,bellicosity0.9,189
,,,bellicosity0.9,273
,,,bellicosity0.9,313
,,,bellicosity1,187
,,,bellicosity1,279
,,,bellicosity1,157
,,,bellicosity1,194
,,,bellicosity1,202
,,,bellicosity1,307
,,,bellicosity1,190
,,,bellicosity1,226
,,,bellicosity1,236
,,,bellicosity1,194
,,,bellicosity1,235
,,,bellicosity1,225
,,,bellicosity1,292
,,,bellicosity1,358
,,,bellicosity1,352
,,,bellicosity1,218
,,,bellicosity1,332
,,,bellicosity1,200
,,,bellicosity1,232
,,,bellicosity1,331
,,,bellicosity1,258
,,,bellicosity1,285
,,,bellicosity1,303
,,,bellicosity1,293
,,,bellicosity1,214
,,,bellicosity1,204
,,,bellicosity1,164
,,,bellicosity1,245
,,,bellicosity1,249
,,,bellicosity1,201
,,,bellicosity1,185
,,,bellicosity1,299
,,,bellicosity1,305
,,,bellicosity1,295
,,,bellicosity1,214
,,,bellicosity1,255
,,,bellicosity1,293
,,,bellicosity1,271
,,,bellicosity1,238
,,,bellicosity1,158
,,,bellicosity1,195
,,,bellicosity1,246
,,,bellicosity1,244
,,,bellicosity1,228
,,,bellicosity1,247
,,,bellicosity1,425
,,,bellicosity1,222
,,,bellicosity1,399
,,,bellicosity1,176
,,,bellicosity1,146
,,,bellicosity1,362
,,,bellicosity1,196
,,,bellicosity1,192
,,,bellicosity1,300
,,,bellicosity1,176
,,,bellicosity1,296
,,,bellicosity1,177
,,,bellicosity1,215
,,,bellicosity1,225
,,,bellicosity1,233
,,,bellicosity1,279
,,,bellicosity1,213
,,,bellicosity1,331
,,,bellicosity1,278
,,,bellicosity1,434
,,,bellicosity1,303
,,,bellicosity1,190
,,,bellicosity1,286
,,,bellicosity1,220
,,,bellicosity1,207
,,,bellicosity1,153
,,,bellicosity1,319
,,,bellicosity1,203
,,,bellicosity1,267
,,,bellicosity1,311
,,,bellicosity1,133
,,,bellicosity1,213
,,,bellicosity1,255
,,,bellicosity1,351
,,,bellicosity1,253
,,,bellicosity1,228
,,,bellicosity1,266
,,,bellicosity1,256
,,,bellicosity1,226
,,,bellicosity1,237
,,,bellicosity1,348
,,,bellicosity1,277
,,,bellicosity1,263
,,,bellicosity1,432
,,,bellicosity1,329
,,,bellicosity1,242
,,,bellicosity1,264
,,,bellicosity1,263
,,,bellicosity1,163
,,,bellicosity1,298
,,,bellicosity1,347
,,,bellicosity1,213
,,,bellicosity1,241
,,,bellicosity1,266
,,,bellicosity1,272
,,,bellicosity1,275
,,,bellicosity1,387
,,,bellicosity1,239
,,,bellicosity1,275
,,,bellicosity1,246
,,,bellicosity1,295
,,,bellicosity1,389
,,,bellicosity1,224
,,,bellicosity1,215
,,,bellicosity1,340
,,,bellicosity1,317
,,,bellicosity1,265
,,,bellicosity1,160
,,,bellicosity1,178
,,,bellicosity1,272
,,,bellicosity1,315
,,,bellicosity1,296
,,,bellicosity1,363
,,,bellicosity1,314
,,,bellicosity1,217
,,,bellicosity1,224
,,,bellicosity1,370
,,,bellicosity1,299
,,,bellicosity1,236
,,,bellicosity1,309
,,,bellicosity1,255
,,,bellicosity1,255
,,,bellicosity1,219
,,,bellicosity1,213
,,,bellicosity1,247
,,,bellicosity1,219
,,,bellicosity1,215
,,,bellicosity1,269
,,,bellicosity1,248
,,,bellicosity1,262
,,,bellicosity1,344
,,,bellicosity1,268
,,,bellicosity1,371
,,,bellicosity1,257
,,,bellicosity1,197
,,,bellicosity1,281
,,,bellicosity1,268
,,,bellicosity1,276
,,,bellicosity1,225
,,,bellicosity1,313
,,,bellicosity1,237
,,,bellicosity1,266
,,,bellicosity1,329
,,,bellicosity1,281
,,,bellicosity1,261
,,,bellicosity1,373
,,,bellicosity1,252
,,,bellicosity1,333
,,,bellicosity1,318
,,,bellicosity1,266
,,,bellicosity1,194
,,,bellicosity1,184
,,,bellicosity1,235
,,,bellicosity1,342
,,,bellicosity1,227
,,,bellicosity1,304
,,,bellicosity1,226
,,,bellicosity1,263
,,,bellicosity1,325
,,,bellicosity1,244
,,,bellicosity1,202
,,,bellicosity1,199
,,,bellicosity1,371
,,,bellicosity1,239
,,,bellicosity1,193
,,,bellicosity1,293
,,,bellicosity1,202
,,,bellicosity1,260
,,,bellicosity1,258
,,,bellicosity1,182
,,,bellicosity1,165
,,,bellicosity1,222
,,,bellicosity1,189
,,,bellicosity1,204
,,,bellicosity1,212
,,,bellicosity1,244
,,,bellicosity1,275
,,,bellicosity1,189
,,,bellicosity1,195
,,,bellicosity1,316
,,,bellicosity1,251
,,,bellicosity1,179
,,,bellicosity1,268
,,,bellicosity1,276
,,,bellicosity1,267
,,,bellicosity1,326
,,,bellicosity1,232
,,,bellicosity1,231
,,,bellicosity1,232
,,,bellicosity1,224
,,,bellicosity1,201
,,,bellicosity1,349
,,,bellicosity1,180
,,,bellicosity1,301
,,,bellicosity1,216
,,,bellicosity1,212
,,,bellicosity1,346
,,,bellicosity1,200
,,,bellicosity1,350
,,,bellicosity1,270
,,,bellicosity1,286
,,,bellicosity1,366
,,,bellicosity1,198
,,,bellicosity1,276
,,,bellicosity1,223
,,,bellicosity1,149
,,,bellicosity1,232
,,,bellicosity1,188
,,,bellicosity1,269
,,,bellicosity1,256
,,,bellicosity1,283
,,,bellicosity1,216
,,,bellicosity1,225
,,,bellicosity1,192
,,,bellicosity1,197
,,,bellicosity1,155
,,,bellicosity1,206
,,,bellicosity1,437
,,,bellicosity1,251
,,,bellicosity1,235
,,,bellicosity1,269
,,,bellicosity1,203
,,,bellicosity1,302
,,,bellicosity1,296
,,,bellicosity1,185
,,,bellicosity1,282
,,,bellicosity1,297
,,,bellicosity1,248
,,,bellicosity1,253
,,,bellicosity1,306
,,,bellicosity1,256
,,,bellicosity1,285
,,,bellicosity1,217
,,,bellicosity1,332
,,,bellicosity1,229
,,,bellicosity1,266
,,,bellicosity1,252
,,,bellicosity1,232
,,,bellicosity1,138
,,,bellicosity1,198
,,,bellicosity1,180
,,,bellicosity1,298
,,,bellicosity1,165
,,,bellicosity1,214
,,,bellicosity1,323
,,,bellicosity1,241
,,,bellicosity1,399
,,,bellicosity1,291
,,,bellicosity1,215
,,,bellicosity1,177
,,,bellicosity1,293
,,,bellicosity1,179
,,,bellicosity1,371
,,,bellicosity1,217
,,,bellicosity1,181
,,,bellicosity1,229
,,,bellicosity1,240
,,,bellicosity1,313
,,,bellicosity1,256
,,,bellicosity1,230
,,,bellicosity1,221
,,,bellicosity1,242
,,,bellicosity1,211
,,,bellicosity1,149
,,,bellicosity1,416
,,,bellicosity1,237
,,,bellicosity1,301
,,,bellicosity1,271
,,,bellicosity1,302
,,,bellicosity1,252
,,,bellicosity1,247
,,,bellicosity1,151
,,,bellicosity1,205
,,,bellicosity1,201
,,,bellicosity1,249
,,,bellicosity1,297
,,,bellicosity1,246
,,,bellicosity1,439
,,,bellicosity1,247
,,,bellicosity1,311
,,,bellicosity1,235
,,,bellicosity1,186
,,,bellicosity1,221
,,,bellicosity1,139
,,,bellicosity1,341
,,,bellicosity1,244
,,,bellicosity1,151
,,,bellicosity1,224
,,,bellicosity1,258
,,,bellicosity1,232
,,,bellicosity1,261
,,,bellicosity1,280
,,,bellicosity1,192
,,,bellicosity1,226
,,,bellicosity1,211
